INSERT INTO users (id, name, age) VALUES (1, 'Gertrude', 16), (2, 'Roddy Piper', 78), (3, 'The Undertaker', 56), (4, 'The Rock',47 ),
(5, 'Stone cold Steve Austin', 55), (6, 'The Bellas', 24), (7, 'Ronda Rousey', 23), (8, 'Yokazuma', 35), (9, 'Hulk Hoagan', 100), (10, 'Shawn Michaels', 29),
(11, 'Ric Flair', 90), (12, 'John Cena', 40), (13, 'Kane', 140), (14, 'Andre the Giant', 48), (15, 'Brock Lesnar', 13), (16, 'Randy Savage', 30),
(17, 'Batista', 15), (18, 'Chris Benoit', 5), (19, 'Mysterio', 8), (20, 'Bert Hart', 24);

INSERT INTO projects (id, title, category, funding_goal, start_date, end_date) VALUES
(1, 'I am terrible at dancing, need lessons', 'social justice', 300.00, '2015-06-30', '2015-11-30'),
(2, 'Programming my brain', 'books', 500.00, '2013-01-01', '2037-01-01'),
(3, 'Also Harry Potter', 'books', 1000.00, '2013-05-30', '2015-05-30'),
(4, 'Animal shelter needs dogs', 'charity', 1000.00, '2013-03-14', '2013-06-30'),
(5, 'Voldement needs breath mints', 'charity', 6000.00, '2013-03-20', '2013-09-20'),
(6, 'The next Nick Cannon', 'music', 37.00, '2014-12-30', '2015-12-30'),
(7, 'Iguana needs thumb transplant', 'charity', 2000.00, '2013-10-02', '2013-10-30'),
(8, 'I have no knees', 'charity', 8.00, '2014-06-30', '2014-06-31'),
(9, 'I want to teach English in England', 'education', 30000.00, '2013-06-30', '2013-09-30'),
(10, 'Help save birds from Alka-Seltzer', 'social justice', 500000.00, '2012-03-20', '2013-06-30');

INSERT INTO pledges (id, amount, user_id, project_id) VALUES
(1, 50.00, 1, 2),
(2, 50.00, 1, 3),
(3, 570.00, 1, 4),
(4, 20.00, 2, 3),
(5, 150.00, 3, 2),
(6, 206.00, 4, 4),
(7, 70.00, 5, 10),
(8, 610.00, 6, 10),
(9, 1.00, 7, 9),
(10, 7.00, 8, 8),
(11, 100.00, 8, 7),
(12, 45.00, 9, 6),
(13, 53.00, 9, 3),
(14, 4.00, 10, 4),
(15, 4.00, 12, 1),
(16, 3.00, 11, 1),
(17, 112.00, 13, 6),
(18, 191.00, 14, 5),
(19, 206.00, 15, 5),
(20, 140.00, 16, 6),
(21, 235.50, 17, 7),
(22, 140.00, 18, 8),
(23, 260.00, 19, 9),
(24, 170.00, 20, 10),
(25, 300.00, 20, 4),
(26, 50.00, 19, 1),
(27, 60.00, 18, 6),
(28, 91.00, 17, 9),
(29, 23.00, 16, 6),
(30, 57.00, 15, 5);